iso3,total_2024,total_2025,total_change,participation_change_pct,p1_2024,p1_2025,p1_change,region,broad_region
MDG,81,11,-70,-86.4,81.5224056735709,51.27309318021549,-30.25,Eastern Africa,Sub-Saharan Africa
VCT,80,16,-64,-80.0,93.52771521422292,72.18340824883718,-21.34,Caribbean,Latin America & Caribbean
STP,35,12,-23,-65.7,5.8576153533524,100.0,94.14,Middle Africa,Sub-Saharan Africa
BOL,91,40,-51,-56.0,77.77386575656665,63.250776774319704,-14.52,South America,Latin America & Caribbean
KIR,80,70,-10,-12.5,72.58243806311064,75.35252890581476,2.77,Micronesia,Oceania
NRU,50,56,6,12.0,60.584084247552745,63.342323822830686,2.76,Micronesia,Oceania
SYR,74,93,19,25.7,70.05488453042271,51.91883139638871,-18.14,Western Asia,Western Asia
BEN,62,79,17,27.4,81.0769485008054,86.99898217837062,5.92,Western Africa,Sub-Saharan Africa
GRD,71,101,30,42.3,93.8867687217,78.85845574829186,-15.03,Caribbean,Latin America & Caribbean
SWZ,59,84,25,42.4,87.26070103438538,68.14496392676915,-19.12,Southern Africa,Sub-Saharan Africa
ISR,93,145,52,55.9,67.91796576349907,59.54097469129566,-8.38,Western Asia,Western Asia
BRB,91,145,54,59.3,96.69744745784942,87.09954155114892,-9.6,Caribbean,Latin America & Caribbean
ARG,95,155,60,63.2,23.14505530692309,0.0,-23.15,South America,Latin America & Caribbean
DMA,28,48,20,71.4,82.65826777606102,60.65718556330089,-22.0,Caribbean,Latin America & Caribbean
LCA,93,168,75,80.6,95.30724917892996,87.82696206728284,-7.48,Caribbean,Latin America & Caribbean
NGA,88,161,73,83.0,83.90155089503978,78.36767126447836,-5.53,Western Africa,Sub-Saharan Africa
HND,94,173,79,84.0,77.08254256916189,84.96099155414848,7.88,Central America,Latin America & Caribbean
BWA,78,144,66,84.6,81.49033255097888,80.66320265362508,-0.83,Southern Africa,Sub-Saharan Africa
NIC,94,174,80,85.1,80.46234417903456,70.14625557712571,-10.32,Central America,Latin America & Caribbean
GHA,90,171,81,90.0,97.33755667102278,91.34845594260732,-5.99,Western Africa,Sub-Saharan Africa
KEN,94,179,85,90.4,88.01866927518576,82.82175502479878,-5.2,Eastern Africa,Sub-Saharan Africa
COD,73,139,66,90.4,,75.64948701287754,,Middle Africa,Sub-Saharan Africa
ERI,95,181,86,90.5,75.41298127810143,75.39318335467526,-0.02,Eastern Africa,Sub-Saharan Africa
BDI,89,170,81,91.0,65.09233580924075,57.65300093469261,-7.44,Eastern Africa,Sub-Saharan Africa
PLW,90,173,83,92.2,57.190980324730106,50.22998887669935,-6.96,Micronesia,Oceania
GIN,90,173,83,92.2,90.2165758864422,81.60572335216922,-8.61,Western Africa,Sub-Saharan Africa
COG,85,164,79,92.9,73.94641483401632,75.52904374689751,1.58,Middle Africa,Sub-Saharan Africa
MLI,93,180,87,93.5,56.61908323594167,60.08553783641413,3.47,Western Africa,Sub-Saharan Africa
NER,88,171,83,94.3,77.49597943667015,80.77147022466711,3.28,Western Africa,Sub-Saharan Africa
NAM,91,177,86,94.5,82.8702366279764,81.95623334332234,-0.91,Southern Africa,Sub-Saharan Africa
SLV,93,181,88,94.6,92.77159916754756,89.63052077922876,-3.14,Central America,Latin America & Caribbean
MWI,78,153,75,96.2,80.12588037191871,77.98460119086215,-2.14,Eastern Africa,Sub-Saharan Africa
PNG,92,181,89,96.7,45.29321855774505,59.67689914073372,14.38,Melanesia,Oceania
GEO,93,183,90,96.8,66.11068670608933,65.67177678957617,-0.44,Western Asia,Western Asia
RWA,85,168,83,97.6,74.14662033460526,69.04399918347376,-5.1,Eastern Africa,Sub-Saharan Africa
LSO,89,176,87,97.8,87.27642011410768,77.58376083163364,-9.69,Southern Africa,Sub-Saharan Africa
CUB,95,188,93,97.9,82.04230552964157,69.70109942471512,-12.34,Caribbean,Latin America & Caribbean
SOM,69,137,68,98.6,86.9873480299244,91.89661785060748,4.91,Eastern Africa,Sub-Saharan Africa
DOM,95,189,94,98.9,94.78032694407015,89.83494496207457,-4.95,Caribbean,Latin America & Caribbean
SLE,89,177,88,98.9,96.16340168733169,89.58417541662858,-6.58,Western Africa,Sub-Saharan Africa
ALB,95,189,94,98.9,69.10494053507853,68.04947585793906,-1.06,Southern Europe,Southern Europe
IRQ,95,189,94,98.9,82.63663643661442,74.20136550733632,-8.44,Western Asia,Western Asia
ARM,90,180,90,100.0,76.81380791422359,73.79817897107648,-3.02,Western Asia,Western Asia
CMR,85,170,85,100.0,85.00772255232023,64.2987766646169,-20.71,Middle Africa,Sub-Saharan Africa
URY,95,190,95,100.0,87.50802989624219,82.54653719321145,-4.96,South America,Latin America & Caribbean
BTN,92,184,92,100.0,88.06311469946313,88.25447584306637,0.19,Southern Asia,Southern Asia
PER,95,190,95,100.0,98.72499935171064,97.48208702723292,-1.24,South America,Latin America & Caribbean
UKR,94,188,94,100.0,62.71547262060756,67.0062107148359,4.29,Eastern Europe,Eastern Europe
EGY,95,190,95,100.0,90.82054645748354,78.17675045357859,-12.64,Northern Africa,Africa
ZWE,91,182,91,100.0,75.22606963585514,74.2567427826792,-0.97,Eastern Africa,Sub-Saharan Africa
TTO,95,190,95,100.0,93.8652348976682,87.452494605136,-6.41,Caribbean,Latin America & Caribbean
BGR,95,191,96,101.1,67.14418172974244,68.41797840955444,1.27,Eastern Europe,Eastern Europe
LAO,93,187,94,101.1,82.76559724556708,71.9845254827917,-10.78,South-eastern Asia,South-eastern Asia
ATG,87,175,88,101.1,91.97695457616238,89.80737239590432,-2.17,Caribbean,Latin America & Caribbean
SVK,95,191,96,101.1,70.07547019870813,67.88212482128992,-2.19,Eastern Europe,Eastern Europe
BIH,95,191,96,101.1,65.60283853102574,69.84930707269814,4.25,Southern Europe,Southern Europe
BHS,92,185,93,101.1,92.79071008540902,89.76496328179016,-3.03,Caribbean,Latin America & Caribbean
KOR,95,191,96,101.1,74.75900751723194,71.9396057301385,-2.82,Eastern Asia,Eastern Asia
EST,95,191,96,101.1,74.01761583367121,70.52617535446224,-3.49,Northern Europe,Northern Europe
MDA,95,191,96,101.1,74.34040891833907,68.46954962422875,-5.87,Eastern Europe,Eastern Europe
CRI,95,191,96,101.1,95.7502623166985,89.78924332491002,-5.96,Central America,Latin America & Caribbean
PAK,94,190,96,102.1,80.12181704136273,66.32355176934652,-13.8,Southern Asia,Southern Asia
AUT,95,192,97,102.1,70.92379660490357,69.02573876426118,-1.9,Western Europe,Western Europe
LKA,95,192,97,102.1,81.24307603522362,78.20043124271356,-3.04,Southern Asia,Southern Asia
LTU,95,192,97,102.1,71.20404361564508,68.13481248831496,-3.07,Northern Europe,Northern Europe
ROU,95,192,97,102.1,68.45053204087672,68.01325651382213,-0.44,Eastern Europe,Eastern Europe
SVN,95,192,97,102.1,69.1487761528042,70.95151134637273,1.8,Southern Europe,Southern Europe
THA,95,192,97,102.1,88.69223315179167,85.10009478371165,-3.59,South-eastern Asia,South-eastern Asia
ESP,95,192,97,102.1,71.42897881264442,70.68551546285791,-0.74,Southern Europe,Southern Europe
NLD,94,190,96,102.1,69.2955971516387,70.59945523951237,1.3,Western Europe,Western Europe
HRV,95,192,97,102.1,70.12321253101392,67.49214284211457,-2.63,Southern Europe,Southern Europe
MNE,95,192,97,102.1,72.68274847764587,69.93332657385628,-2.75,Southern Europe,Southern Europe
PHL,95,192,97,102.1,80.03967626880073,80.42445884487253,0.38,South-eastern Asia,South-eastern Asia
SAU,94,190,96,102.1,77.45534870984353,75.00789069888214,-2.45,Western Asia,Western Asia
NOR,95,192,97,102.1,77.32441537814812,74.90526411332003,-2.42,Northern Europe,Northern Europe
LUX,95,192,97,102.1,72.80680051666766,70.402085010053,-2.4,Western Europe,Western Europe
DNK,95,192,97,102.1,72.38901640594004,70.05248479422549,-2.34,Northern Europe,Northern Europe
BEL,95,192,97,102.1,76.95116429900354,74.70507229218956,-2.25,Western Europe,Western Europe
COL,95,192,97,102.1,88.37052646740506,90.64362459348985,2.27,South America,Latin America & Caribbean
FIN,95,192,97,102.1,70.67035655512672,71.80009077059155,1.13,Northern Europe,Northern Europe
ITA,95,192,97,102.1,70.54378116212482,68.89529333729726,-1.65,Southern Europe,Southern Europe
HUN,95,192,97,102.1,65.28770363106399,66.29734122442508,1.01,Eastern Europe,Eastern Europe
RUS,95,192,97,102.1,61.11295326055253,59.03201439871789,-2.08,Eastern Europe,Eastern Europe
GRC,95,192,97,102.1,73.2282538052716,71.42868977050446,-1.8,Southern Europe,Southern Europe
CHL,95,192,97,102.1,95.80539678238874,94.6182221299968,-1.19,South America,Latin America & Caribbean
LVA,95,192,97,102.1,75.11165476286307,71.23074764808358,-3.88,Northern Europe,Northern Europe
YEM,95,192,97,102.1,92.21554472803646,81.51613029270183,-10.7,Western Asia,Western Asia
POL,95,192,97,102.1,70.52554920585817,66.49743912250428,-4.03,Eastern Europe,Eastern Europe
IND,95,192,97,102.1,77.67540159324216,71.7844553700437,-5.89,Southern Asia,Southern Asia
SGP,95,192,97,102.1,88.67485218247228,82.4091755550755,-6.27,South-eastern Asia,South-eastern Asia
AUS,95,192,97,102.1,62.50928784168977,66.05664129511304,3.55,Australia and New Zealand,Oceania
GBR,95,192,97,102.1,69.38444719262182,62.99908763563707,-6.39,Northern Europe,Northern Europe
ZAF,95,192,97,102.1,85.24926786006867,81.27879419289393,-3.97,Southern Africa,Sub-Saharan Africa
GUY,95,192,97,102.1,97.2969528571447,90.5016285130228,-6.8,South America,Latin America & Caribbean
QAT,95,192,97,102.1,91.80315649673824,84.73096454444652,-7.07,Western Asia,Western Asia
MLT,95,192,97,102.1,76.67299872005435,69.24922871197352,-7.42,Southern Europe,Southern Europe
DZA,95,192,97,102.1,87.01281058557885,74.96969350308532,-12.04,Northern Africa,Africa
BHR,95,192,97,102.1,88.26300625946939,79.70008936825417,-8.56,Western Asia,Western Asia
CAN,95,192,97,102.1,69.66649955980394,60.59912146833135,-9.07,Northern America,Northern America
MYS,95,192,97,102.1,94.33850085003871,85.22676073667029,-9.11,South-eastern Asia,South-eastern Asia
IDN,95,192,97,102.1,85.90126318309129,76.42195235842709,-9.48,South-eastern Asia,South-eastern Asia
FRA,95,192,97,102.1,71.49866126262691,61.708363137154656,-9.79,Western Europe,Western Europe
CHE,95,192,97,102.1,78.90927395353359,68.45394317664788,-10.46,Western Europe,Western Europe
JPN,95,192,97,102.1,78.39186839647661,72.70649911515915,-5.69,Eastern Asia,Eastern Asia
CYP,95,192,97,102.1,76.47819204581731,71.04716738007049,-5.43,Western Asia,Western Asia
IRL,95,192,97,102.1,80.20093405012086,73.57939893170828,-6.62,Northern Europe,Northern Europe
LIE,95,192,97,102.1,75.95535657633248,71.89884473684606,-4.06,Western Europe,Western Europe
GTM,95,192,97,102.1,76.71999194280195,76.53033716860749,-0.19,Central America,Latin America & Caribbean
SWE,95,192,97,102.1,69.14799078670217,71.52058493091495,2.37,Northern Europe,Northern Europe
NZL,95,192,97,102.1,76.88718171173481,72.02610652105888,-4.86,Australia and New Zealand,Oceania
CZE,95,192,97,102.1,68.33254319224667,64.19000135488781,-4.14,Eastern Europe,Eastern Europe
SMR,95,192,97,102.1,75.67221525210921,71.51021087494298,-4.16,Southern Europe,Southern Europe
BRN,95,192,97,102.1,90.06379877505474,74.80784163040673,-15.26,South-eastern Asia,South-eastern Asia
DJI,90,182,92,102.2,84.11852507892817,84.45659315270903,0.34,Eastern Africa,Sub-Saharan Africa
MMR,93,188,95,102.2,90.00990747344349,98.46841381694952,8.46,South-eastern Asia,South-eastern Asia
BLZ,88,178,90,102.3,93.5886800782889,89.09640261510013,-4.49,Central America,Latin America & Caribbean
UZB,84,170,86,102.4,79.53787099500349,79.76732733346634,0.23,Central Asia,Central Asia
GNB,77,156,79,102.6,87.80521461932129,82.84135625919025,-4.96,Western Africa,Sub-Saharan Africa
PRY,94,191,97,103.2,57.80887715375432,46.71355263927356,-11.1,South America,Latin America & Caribbean
MNG,94,191,97,103.2,91.40369376721507,87.61416313032694,-3.79,Eastern Asia,Eastern Asia
JOR,94,191,97,103.2,85.47845811732196,84.19676288941821,-1.28,Western Asia,Western Asia
SDN,93,189,96,103.2,66.65001522295834,65.35995608065618,-1.29,Northern Africa,Africa
PAN,94,191,97,103.2,77.28851799911189,75.95730180398512,-1.33,Central America,Latin America & Caribbean
BGD,94,191,97,103.2,90.4240179567531,84.55064129991129,-5.87,Southern Asia,Southern Asia
ARE,94,191,97,103.2,89.6218581883582,83.14578758038869,-6.48,Western Asia,Western Asia
BLR,94,191,97,103.2,75.71013048606122,61.476108979234745,-14.23,Eastern Europe,Eastern Europe
ISL,94,191,97,103.2,71.48266459074462,69.30951803748115,-2.17,Northern Europe,Northern Europe
IRN,91,185,94,103.3,76.20697687544391,64.17633987381787,-12.03,Southern Asia,Southern Asia
MUS,91,185,94,103.3,94.49719344910218,90.90278443972734,-3.59,Eastern Africa,Sub-Saharan Africa
TZA,84,171,87,103.6,82.53212913837385,79.65825467331679,-2.87,Eastern Africa,Sub-Saharan Africa
SYC,84,171,87,103.6,93.49031853560048,92.554647925987,-0.94,Eastern Africa,Sub-Saharan Africa
LBR,77,157,80,103.9,26.77855498181414,43.66990552645172,16.89,Western Africa,Sub-Saharan Africa
ETH,92,188,96,104.3,78.31087963896506,70.39243491403688,-7.92,Eastern Africa,Sub-Saharan Africa
TUR,92,188,96,104.3,73.44841257967595,69.60238970041337,-3.85,Western Asia,Western Asia
CHN,94,192,98,104.3,74.83514343032589,63.09077672454289,-11.74,Eastern Asia,Eastern Asia
LBN,94,192,98,104.3,82.96445912157581,82.10595963836182,-0.86,Western Asia,Western Asia
MCO,92,188,96,104.3,72.39385039094942,69.22779351326517,-3.17,Western Europe,Western Europe
OMN,94,192,98,104.3,82.56557965997915,75.0783277942179,-7.49,Western Asia,Western Asia
PRT,94,192,98,104.3,75.44915162886461,72.25600823363011,-3.19,Southern Europe,Southern Europe
TUN,93,190,97,104.3,88.91166459800046,84.24234767270177,-4.67,Northern Africa,Africa
KWT,94,192,98,104.3,88.9755704620726,82.91359687096914,-6.06,Western Asia,Western Asia
BRA,94,192,98,104.3,64.89727479089274,73.97749119482957,9.08,South America,Latin America & Caribbean
MEX,94,192,98,104.3,87.99263574265248,86.31413215355582,-1.68,Central America,Latin America & Caribbean
MDV,94,192,98,104.3,92.74697267480876,89.73588626220179,-3.01,Southern Asia,Southern Asia
USA,94,192,98,104.3,72.02679694693127,45.21322006625293,-26.81,Northern America,Northern America
DEU,94,192,98,104.3,66.94778672453094,68.9720790045068,2.02,Western Europe,Western Europe
AND,93,190,97,104.3,76.46065993864396,71.04063784352127,-5.42,Southern Europe,Southern Europe
LBY,91,186,95,104.4,89.91456504253996,77.6750629876918,-12.24,Northern Africa,Africa
MAR,89,182,93,104.5,89.25991489356808,86.32831890538786,-2.93,Northern Africa,Africa
VNM,92,189,97,105.4,84.09398392861803,77.44457671704755,-6.65,South-eastern Asia,South-eastern Asia
AGO,92,189,97,105.4,83.39735711111453,81.32003115138122,-2.08,Middle Africa,Sub-Saharan Africa
GMB,84,173,89,106.0,97.9389028484459,92.23405378613676,-5.7,Western Africa,Sub-Saharan Africa
KHM,92,190,98,106.5,85.57379983526941,85.30348713871408,-0.27,South-eastern Asia,South-eastern Asia
ECU,91,188,97,106.6,78.90831361146324,79.72630824773334,0.82,South America,Latin America & Caribbean
MKD,91,188,97,106.6,45.95611581335178,51.334885180228824,5.38,Southern Europe,Southern Europe
VUT,88,182,94,106.8,88.0305038894789,84.35907029783546,-3.67,Melanesia,Oceania
GAB,84,174,90,107.1,81.11585058878646,82.9027732456904,1.79,Middle Africa,Sub-Saharan Africa
SUR,92,191,99,107.6,90.7705685742375,94.45478546566652,3.68,South America,Latin America & Caribbean
KAZ,90,187,97,107.8,82.90934964839832,78.7996130819262,-4.11,Central Asia,Central Asia
MHL,87,181,94,108.0,62.536082347200065,66.65727779507469,4.12,Micronesia,Oceania
TKM,61,127,66,108.2,100.0,92.1915016342812,-7.81,Central Asia,Central Asia
SRB,82,171,89,108.5,73.26592485118228,71.39428527629745,-1.87,Southern Europe,Southern Europe
CIV,91,190,99,108.8,91.8827835618653,83.81368142498414,-8.07,Western Africa,Sub-Saharan Africa
NPL,91,190,99,108.8,91.0542661848284,87.99378532519616,-3.06,Southern Asia,Southern Asia
JAM,90,188,98,108.9,93.1250685560994,91.83813796519568,-1.29,Caribbean,Latin America & Caribbean
TCD,89,186,97,109.0,87.88191455198013,92.26380328982904,4.38,Middle Africa,Sub-Saharan Africa
BFA,81,170,89,109.9,94.61948402522266,91.52813379729386,-3.09,Western Africa,Sub-Saharan Africa
TLS,90,189,99,110.0,92.83782711978928,89.5447021466123,-3.29,South-eastern Asia,South-eastern Asia
MRT,89,187,98,110.1,88.6153358030472,79.26004240520108,-9.36,Western Africa,Sub-Saharan Africa
SEN,88,185,97,110.2,94.63876594697132,86.47160413965429,-8.17,Western Africa,Sub-Saharan Africa
PRK,86,181,95,110.5,70.62209838233628,57.69193882298998,-12.93,Eastern Asia,Eastern Asia
FSM,75,158,83,110.7,71.5017413757577,60.929216417916386,-10.57,Micronesia,Oceania
HTI,81,171,90,111.1,84.39147030846706,84.36128524989502,-0.03,Caribbean,Latin America & Caribbean
TGO,90,190,100,111.1,73.43321456520452,69.08738360201556,-4.35,Western Africa,Sub-Saharan Africa
UGA,87,184,97,111.5,80.69950622041098,74.33556042252555,-6.36,Eastern Africa,Sub-Saharan Africa
KGZ,87,184,97,111.5,79.10141483609364,76.9422903042979,-2.16,Central Asia,Central Asia
WSM,65,140,75,115.4,84.78804700084875,76.47978386771103,-8.31,Polynesia,Oceania
MOZ,86,186,100,116.3,88.32761823896998,83.58767876512465,-4.74,Eastern Africa,Sub-Saharan Africa
TUV,65,142,77,118.5,84.82569558436629,81.05259198801394,-3.77,Polynesia,Oceania
AZE,72,158,86,119.4,89.74350443584234,87.38122479550513,-2.36,Western Asia,Western Asia
TON,79,174,95,120.3,22.98560021327366,29.404877692988084,6.42,Polynesia,Oceania
TJK,82,183,101,123.2,83.96157807683342,76.45391388241079,-7.51,Central Asia,Central Asia
FJI,82,185,103,125.6,47.50419136387025,48.88596858343967,1.38,Melanesia,Oceania
GNQ,71,161,90,126.8,78.26737333248889,79.59917466829097,1.33,Middle Africa,Sub-Saharan Africa
CAF,69,158,89,129.0,46.09457990143219,53.66316945278043,7.57,Middle Africa,Sub-Saharan Africa
CPV,80,184,104,130.0,97.0003987954183,96.771449046632,-0.23,Western Africa,Sub-Saharan Africa
COM,71,165,94,132.4,68.12550663887507,82.79697347232464,14.67,Eastern Africa,Sub-Saharan Africa
KNA,77,181,104,135.1,92.86484881218767,85.5854160171628,-7.28,Caribbean,Latin America & Caribbean
ZMB,67,160,93,138.8,73.53158707016667,86.66581754830783,13.13,Eastern Africa,Sub-Saharan Africa
SLB,72,175,103,143.1,88.18319714824356,83.21054398192771,-4.97,Melanesia,Oceania
SSD,19,56,37,194.7,0.0,36.61905855324833,36.62,Eastern Africa,Sub-Saharan Africa
